id;nom;prenom;date_naissance;autorisation_image;info_sante
1;Automotive Gold;Handcrafted PNG;2021-05-18T04:40:03;true;Won circuit circuit
2;Soap invoice;Utah AI Haiti;2021-05-17T17:00:15;true;Brunei Markets CSS
3;payment Unbranded;Corporate multi-byte;2021-05-18T05:05:39;true;Bedfordshire Loan Phased
4;quantifying Usability;Buckinghamshire;2021-05-18T04:38:31;true;green Walks platforms
5;Frozen copy Ball;matrices solution;2021-05-18T02:18:59;true;Clothing
6;Operations orchid;Organized bypass bypassing;2021-05-17T22:23:38;false;Brand input
7;Inlet;support Future Rubber;2021-05-17T22:58:15;true;Vermont
8;Nepal;Account gold;2021-05-18T07:00:44;true;distributed leading
9;copying Concrete Codes;Engineer Executive;2021-05-18T04:23:44;false;Via
10;Car;Democratic Buckinghamshire Metrics;2021-05-17T18:36:54;false;Web Books haptic
