id;numero;libille;condition;mantant_libre;montant_unitaire
1;452;optimal;payment;true;94338
2;40967;Kids for Rustic;embrace Connecticut e-business;true;83162
3;17326;Ergonomic;interface;false;74385
4;13692;generate online;definition Fresh Plastic;true;24920
5;92224;pink alarm;e-services Valley;false;15459
6;18401;JSON;Ranch artificial payment;false;96148
7;88254;Ngultrum Handcrafted;Grenada;false;83403
8;9671;Movies;RSS Quality input;false;15617
9;64909;back;frame orchestrate;true;33612
10;69097;Central Shoes Chips;International Washington Manager;true;3316
